"PM1;""PM2.5"";""PM 10"";""TIme"""
"15;""22"";""22"";""12:23:30 PM"""
"16;""18"";""19"";""12:24:09 PM"""
"17;""19"";""19"";""12:23:14 PM"""
"18;""20"";""20"";""12:22:59 PM"""
"19;""21"";""21"";""12:22:29 PM"""
"21;""24"";""24"";""12:21:58 PM"""
"23;""25"";""25"";""12:20:56 PM"""
"25;""29"";""30"";""12:20:26 PM"""
"26;""30"";""31"";""12:20:41 PM"""
"18;""21"";""22"";""12:25:15 PM"""
"17;""20"";""21"";""12:25:16 PM"""
"18;""20"";""21"";""12:25:18 PM"""
"18;""20"";""21"";""12:25:20 PM"""
"18;""20"";""21"";""12:25:21 PM"""
"16;""18"";""19"";""12:25:25 PM"""
"16;""18"";""19"";""12:25:27 PM"""
"16;""19"";""19"";""12:25:28 PM"""
"17;""20"";""20"";""12:25:31 PM"""
"17;""20"";""20"";""12:25:32 PM"""
"17;""20"";""20"";""12:25:34 PM"""
"16;""19"";""19"";""12:25:36 PM"""
"16;""19"";""19"";""12:25:37 PM"""
"15;""19"";""19"";""12:25:39 PM"""
"15;""19"";""19"";""12:25:41 PM"""
"15;""19"";""19"";""12:25:42 PM"""
"15;""18"";""18"";""12:25:44 PM"""
"16;""19"";""19"";""12:25:46 PM"""
"16;""19"";""19"";""12:25:48 PM"""
"16;""19"";""19"";""12:25:49 PM"""
"16;""20"";""20"";""12:25:51 PM"""
"16;""20"";""20"";""12:25:53 PM"""
"17;""20"";""20"";""12:25:54 PM"""
"17;""20"";""20"";""12:25:57 PM"""
"17;""20"";""20"";""12:25:58 PM"""
"17;""19"";""19"";""12:26:00 PM"""
"16;""19"";""19"";""12:26:02 PM"""
"16;""19"";""19"";""12:26:03 PM"""
"16;""18"";""18"";""12:26:05 PM"""
"17;""19"";""19"";""12:26:07 PM"""
"17;""19"";""19"";""12:26:09 PM"""
"17;""19"";""19"";""12:26:10 PM"""
"17;""19"";""19"";""12:26:12 PM"""
"17;""19"";""19"";""12:26:14 PM"""
"18;""20"";""20"";""12:26:15 PM"""
"17;""19"";""20"";""12:26:18 PM"""
"17;""19"";""20"";""12:26:19 PM"""
"16;""18"";""19"";""12:26:21 PM"""
"16;""17"";""18"";""12:26:23 PM"""
"16;""17"";""18"";""12:26:24 PM"""
"16;""18"";""18"";""12:26:26 PM"""
"15;""17"";""18"";""12:26:28 PM"""
"15;""17"";""18"";""12:26:30 PM"""
"14;""16"";""17"";""12:26:31 PM"""
"14;""16"";""16"";""12:26:33 PM"""
"14;""16"";""16"";""12:26:35 PM"""
"14;""16"";""17"";""12:26:36 PM"""
"14;""16"";""17"";""12:26:39 PM"""
"14;""16"";""17"";""12:26:40 PM"""
"13;""15"";""16"";""12:26:42 PM"""
"13;""15"";""15"";""12:26:44 PM"""
"13;""15"";""15"";""12:26:45 PM"""
"13;""15"";""16"";""12:26:47 PM"""
"13;""16"";""17"";""12:26:49 PM"""
"13;""16"";""17"";""12:26:51 PM"""
"13;""15"";""16"";""12:26:52 PM"""
"13;""16"";""17"";""12:26:54 PM"""
"13;""16"";""17"";""12:26:56 PM"""
"14;""16"";""17"";""12:26:57 PM"""
";"""";"""";""12:26:59 PM"""
"13;""16"";""17"";""12:26:59 PM"""
"13;""16"";""17"";""12:27:01 PM"""
"13;""15"";""16"";""12:27:02 PM"""
";"""";"""";""12:27:04 PM"""
"12;""15"";""15"";""12:27:05 PM"""
"12;""15"";""15"";""12:27:06 PM"""
"12;""15"";""16"";""12:27:08 PM"""
";"""";"""";""12:27:09 PM"""
"11;""14"";""15"";""12:27:10 PM"""
"11;""14"";""15"";""12:27:11 PM"""
"12;""14"";""14"";""12:27:13 PM"""
";"""";"""";""12:27:14 PM"""
"12;""14"";""14"";""12:27:15 PM"""
"12;""14"";""14"";""12:27:17 PM"""
"12;""14"";""14"";""12:27:18 PM"""
";"""";"""";""12:27:20 PM"""
"12;""13"";""14"";""12:27:20 PM"""
"12;""13"";""14"";""12:27:22 PM"""
"12;""13"";""13"";""12:27:23 PM"""
";"""";"""";""12:27:25 PM"""
"12;""13"";""13"";""12:27:26 PM"""
"12;""13"";""13"";""12:27:27 PM"""
"12;""14"";""14"";""12:27:29 PM"""
";"""";"""";""12:27:30 PM"""
"13;""15"";""15"";""12:27:31 PM"""
"13;""15"";""15"";""12:27:32 PM"""
"13;""16"";""16"";""12:27:34 PM"""
";"""";"""";""12:27:35 PM"""
"13;""15"";""15"";""12:27:36 PM"""
"13;""15"";""15"";""12:27:38 PM"""
"12;""15"";""15"";""12:27:39 PM"""
";"""";"""";""12:27:41 PM"""
"12;""15"";""15"";""12:27:41 PM"""
"12;""15"";""15"";""12:27:43 PM"""
"12;""15"";""15"";""12:27:44 PM"""
";"""";"""";""12:27:46 PM"""
"12;""15"";""15"";""12:27:47 PM"""
"12;""15"";""15"";""12:27:48 PM"""
"11;""14"";""14"";""12:27:50 PM"""
";"""";"""";""12:27:51 PM"""
"12;""16"";""16"";""12:27:52 PM"""
"12;""16"";""16"";""12:27:53 PM"""
"12;""14"";""14"";""12:27:55 PM"""
";"""";"""";""12:27:56 PM"""
"11;""14"";""14"";""12:27:57 PM"""
"11;""14"";""14"";""12:27:59 PM"""
"11;""14"";""14"";""12:28:00 PM"""
";"""";"""";""12:28:01 PM"""
"10;""12"";""12"";""12:28:02 PM"""
"10;""12"";""12"";""12:28:04 PM"""
"11;""13"";""13"";""12:28:05 PM"""
";"""";"""";""12:28:07 PM"""
"11;""13"";""13"";""12:28:07 PM"""
"11;""13"";""13"";""12:28:09 PM"""
"11;""13"";""13"";""12:28:10 PM"""
";"""";"""";""12:28:12 PM"""
"11;""14"";""14"";""12:28:13 PM"""
"11;""14"";""14"";""12:28:14 PM"""
"11;""14"";""14"";""12:28:16 PM"""
"11;""14"";""14"";""12:28:18 PM"""
"11;""14"";""14"";""12:28:19 PM"""
"12;""14"";""14"";""12:28:21 PM"""
"12;""15"";""15"";""12:28:23 PM"""
"12;""15"";""15"";""12:28:25 PM"""
"13;""15"";""15"";""12:28:26 PM"""
"14;""16"";""16"";""12:28:28 PM"""
"14;""16"";""16"";""12:28:30 PM"""
"14;""15"";""15"";""12:28:31 PM"""
"13;""15"";""15"";""12:28:34 PM"""
"13;""15"";""15"";""12:28:35 PM"""
"14;""16"";""16"";""12:28:37 PM"""
"14;""16"";""16"";""12:28:39 PM"""
"14;""16"";""16"";""12:28:40 PM"""
"13;""15"";""15"";""12:28:42 PM"""
"11;""15"";""15"";""12:28:44 PM"""
"11;""15"";""15"";""12:28:46 PM"""
"12;""16"";""16"";""12:28:47 PM"""
"12;""16"";""16"";""12:28:49 PM"""
"13;""18"";""18"";""12:28:50 PM"""
"13;""18"";""18"";""12:28:52 PM"""
";"""";"""";""12:28:53 PM"""
"12;""17"";""17"";""12:28:54 PM"""
"13;""18"";""18"";""12:28:56 PM"""
"13;""18"";""18"";""12:28:57 PM"""
"13;""18"";""19"";""12:29:00 PM"""
"13;""18"";""19"";""12:29:01 PM"""
"12;""17"";""18"";""12:29:03 PM"""
"13;""18"";""21"";""12:29:05 PM"""
"13;""18"";""21"";""12:29:06 PM"""
"13;""18"";""21"";""12:29:08 PM"""
"12;""16"";""20"";""12:29:10 PM"""
"12;""16"";""20"";""12:29:11 PM"""
"12;""16"";""20"";""12:29:13 PM"""
"11;""15"";""19"";""12:29:15 PM"""
"11;""15"";""19"";""12:29:17 PM"""
"11;""15"";""19"";""12:29:18 PM"""
"12;""14"";""18"";""12:29:20 PM"""
"12;""14"";""18"";""12:29:22 PM"""
"12;""14"";""18"";""12:29:23 PM"""
"12;""14"";""17"";""12:29:26 PM"""
"12;""14"";""17"";""12:29:27 PM"""
"12;""14"";""17"";""12:29:29 PM"""
"12;""13"";""14"";""12:29:31 PM"""
"12;""13"";""14"";""12:29:32 PM"""
"12;""13"";""14"";""12:29:34 PM"""
"12;""14"";""14"";""12:29:36 PM"""
"13;""15"";""15"";""12:29:38 PM"""
"13;""15"";""15"";""12:29:39 PM"""
"12;""14"";""14"";""12:29:41 PM"""
"12;""14"";""14"";""12:29:43 PM"""
"12;""14"";""14"";""12:29:44 PM"""
"13;""15"";""15"";""12:29:47 PM"""
"13;""15"";""15"";""12:29:48 PM"""
"13;""15"";""15"";""12:29:50 PM"""
"13;""15"";""16"";""12:29:52 PM"""
"13;""15"";""16"";""12:29:53 PM"""
"13;""15"";""16"";""12:29:55 PM"""
"13;""16"";""17"";""12:29:57 PM"""
"13;""16"";""17"";""12:29:59 PM"""
"13;""16"";""17"";""12:30:00 PM"""
"13;""16"";""16"";""12:30:02 PM"""
"13;""16"";""16"";""12:30:04 PM"""
"14;""17"";""17"";""12:30:05 PM"""
"15;""18"";""19"";""12:30:08 PM"""
"15;""18"";""19"";""12:30:09 PM"""
"15;""18"";""19"";""12:30:11 PM"""
"16;""19"";""21"";""12:30:13 PM"""
"16;""19"";""21"";""12:30:14 PM"""
"16;""19"";""21"";""12:30:16 PM"""
"18;""20"";""21"";""12:30:18 PM"""
"17;""19"";""20"";""12:30:19 PM"""
"17;""19"";""20"";""12:30:21 PM"""
"18;""22"";""23"";""12:30:23 PM"""
"18;""22"";""23"";""12:30:25 PM"""
"12;""14"";""14"";""12:32:42 PM"""
"12;""13"";""13"";""12:32:44 PM"""
"12;""13"";""13"";""12:32:46 PM"""
"12;""13"";""13"";""12:32:47 PM"""
";"""";"""";""12:32:49 PM"""
"12;""14"";""14"";""12:32:50 PM"""
"12;""14"";""14"";""12:32:51 PM"""
"12;""14"";""14"";""12:32:53 PM"""
";"""";"""";""12:32:54 PM"""
"12;""14"";""14"";""12:32:55 PM"""
"12;""14"";""14"";""12:32:56 PM"""
"12;""14"";""14"";""12:32:58 PM"""
";"""";"""";""12:32:59 PM"""
"12;""14"";""14"";""12:33:00 PM"""
"12;""14"";""14"";""12:33:02 PM"""
"12;""14"";""14"";""12:33:03 PM"""
";"""";"""";""12:33:05 PM"""
"12;""15"";""15"";""12:33:05 PM"""
"12;""15"";""15"";""12:33:07 PM"""
"12;""15"";""15"";""12:33:08 PM"""
";"""";"""";""12:33:10 PM"""
"12;""14"";""14"";""12:33:11 PM"""
"12;""14"";""14"";""12:33:12 PM"""
"12;""14"";""14"";""12:33:14 PM"""
";"""";"""";""12:33:15 PM"""
"11;""13"";""13"";""12:33:16 PM"""
"12;""14"";""14"";""12:33:17 PM"""
"12;""14"";""14"";""12:33:19 PM"""
";"""";"""";""12:33:20 PM"""
"12;""13"";""13"";""12:33:21 PM"""
"12;""13"";""13"";""12:33:23 PM"""
"11;""12"";""12"";""12:33:24 PM"""
";"""";"""";""12:33:26 PM"""
"12;""13"";""13"";""12:33:26 PM"""
"12;""13"";""13"";""12:33:28 PM"""
"12;""13"";""13"";""12:33:29 PM"""
";"""";"""";""12:33:31 PM"""
";"""";"""";""12:33:31 PM"""
"11;""12"";""12"";""12:33:32 PM"""
"11;""12"";""12"";""12:33:34 PM"""
"10;""12"";""12"";""12:33:35 PM"""
";"""";"""";""12:33:37 PM"""
"10;""12"";""12"";""12:33:38 PM"""
"10;""12"";""12"";""12:33:39 PM"""
"9P;""1P"";""1"
";12:33:41 PM"""
";"""";"""";""12:33:42 PM"""
"10;""12"";""12"";""12:33:43 PM"""
"9P;""1P"";""1"
";12:33:44 PM"""
"9P;""1P"";""1"
";12:33:46 PM"""
";"""";"""";""12:33:47 PM"""
"9P;""2P"";""2"
";12:33:48 PM"""
"9P;""2P"";""2"
";12:33:50 PM"""
"10;""13"";""13"";""12:33:51 PM"""
";"""";"""";""12:33:53 PM"""
"10;""12"";""12"";""12:33:53 PM"""
"10;""12"";""12"";""12:33:55 PM"""
"10;""12"";""12"";""12:33:56 PM"""
";"""";"""";""12:33:58 PM"""
";"""";"""";""12:33:59 PM"""
"10;""12"";""12"";""12:33:59 PM"""
"10;""13"";""16"";""12:34:01 PM"""
"10;""13"";""16"";""12:34:02 PM"""
";"""";"""";""12:34:04 PM"""
"10;""14"";""16"";""12:34:05 PM"""
"11;""14"";""17"";""12:34:06 PM"""
"11;""14"";""17"";""12:34:08 PM"""
";"""";"""";""12:34:09 PM"""
"12;""16"";""18"";""12:34:10 PM"""
"11;""15"";""17"";""12:34:11 PM"""
"11;""15"";""17"";""12:34:13 PM"""
";"""";"""";""12:34:14 PM"""
"11;""14"";""17"";""12:34:15 PM"""
"11;""14"";""16"";""12:34:17 PM"""
"12;""15"";""17"";""12:34:18 PM"""
";"""";"""";""12:34:20 PM"""
"12;""15"";""17"";""12:34:20 PM"""
"12;""15"";""18"";""12:34:22 PM"""
"12;""15"";""18"";""12:34:23 PM"""
";"""";"""";""12:34:25 PM"""
"13;""16"";""18"";""12:34:26 PM"""
"13;""16"";""16"";""12:34:27 PM"""
"13;""16"";""16"";""12:34:29 PM"""
";"""";"""";""12:34:30 PM"""
"11;""14"";""14"";""12:34:31 PM"""
"11;""14"";""14"";""12:34:32 PM"""
"11;""14"";""15"";""12:34:34 PM"""
";"""";"""";""12:34:35 PM"""
"11;""15"";""16"";""12:34:36 PM"""
"11;""16"";""16"";""12:34:37 PM"""
"11;""15"";""16"";""12:34:39 PM"""
";"""";"""";""12:34:40 PM"""
"12;""18"";""19"";""12:34:40 PM"""
"13;""19"";""20"";""12:34:42 PM"""
"13;""19"";""20"";""12:34:43 PM"""
";"""";"""";""12:34:45 PM"""
"13;""18"";""19"";""12:34:45 PM"""
"13;""18"";""19"";""12:34:47 PM"""
"13;""18"";""19"";""12:34:48 PM"""
";"""";"""";""12:34:50 PM"""
"14;""19"";""19"";""12:34:51 PM"""
"14;""19"";""19"";""12:34:52 PM"""
"14;""19"";""19"";""12:34:54 PM"""
";"""";"""";""12:34:55 PM"""
"15;""18"";""18"";""12:34:56 PM"""
"15;""18"";""18"";""12:34:57 PM"""
"15;""18"";""18"";""12:34:59 PM"""
";"""";"""";""12:35:00 PM"""
"14;""17"";""17"";""12:35:01 PM"""
"14;""17"";""17"";""12:35:03 PM"""
"14;""17"";""17"";""12:35:04 PM"""
";"""";"""";""12:35:06 PM"""
"13;""15"";""15"";""12:35:06 PM"""
"13;""15"";""15"";""12:35:08 PM"""
"13;""15"";""15"";""12:35:09 PM"""
";"""";"""";""12:35:11 PM"""
"12;""14"";""14"";""12:35:12 PM"""
"12;""14"";""14"";""12:35:13 PM"""
"12;""14"";""14"";""12:35:15 PM"""
";"""";"""";""12:35:16 PM"""
"11;""13"";""13"";""12:35:17 PM"""
"11;""13"";""13"";""12:35:18 PM"""
"11;""13"";""13"";""12:35:20 PM"""
";"""";"""";""12:35:21 PM"""
";"""";"""";""12:35:22 PM"""
"10;""13"";""13"";""12:35:23 PM"""
"10;""13"";""13"";""12:35:24 PM"""
"10;""13"";""13"";""12:35:26 PM"""
";"""";"""";""12:35:27 PM"""
"10;""13"";""13"";""12:35:28 PM"""
"10;""13"";""13"";""12:35:30 PM"""
"9P;""1P"";""1"
";12:35:31 PM"""
";"""";"""";""12:35:33 PM"""
"8P;""1P"";""1"
";12:35:33 PM"""
"8P;""1P"";""1"
";12:35:35 PM"""
"9P;""2P"";""2"
";12:35:36 PM"""
";"""";"""";""12:35:38 PM"""
"9P;""3P"";""3"
";12:35:39 PM"""
"9P;""3P"";""3"
";12:35:40 PM"""
"9P;""2P"";""3"
";12:35:42 PM"""
";"""";"""";""12:35:43 PM"""
"9P;""3P"";""4"
";12:35:44 PM"""
"9P;""3P"";""4"
";12:35:45 PM"""
"10;""14"";""14"";""12:35:47 PM"""
";"""";"""";""12:35:48 PM"""
"10;""13"";""14"";""12:35:49 PM"""
"10;""13"";""14"";""12:35:50 PM"""
"10;""13"";""14"";""12:35:52 PM"""
";"""";"""";""12:35:53 PM"""
"10;""12"";""13"";""12:35:54 PM"""
"10;""12"";""13"";""12:35:56 PM"""
"10;""13"";""14"";""12:35:57 PM"""
";"""";"""";""12:35:59 PM"""
"9P;""2P"";""3"
";12:35:59 PM"""
"9P;""2P"";""3"
";12:36:01 PM"""
"9P;""2P"";""2"
";12:36:02 PM"""
";"""";"""";""12:36:04 PM"""
"10;""12"";""13"";""12:36:05 PM"""
"10;""12"";""13"";""12:36:06 PM"""
"10;""12"";""13"";""12:36:08 PM"""
";"""";"""";""12:36:09 PM"""
"10;""12"";""13"";""12:36:10 PM"""
"10;""12"";""13"";""12:36:11 PM"""
"10;""12"";""12"";""12:36:13 PM"""
";"""";"""";""12:36:14 PM"""
"10;""12"";""12"";""12:36:15 PM"""
"10;""12"";""12"";""12:36:17 PM"""
"10;""12"";""12"";""12:36:18 PM"""
";"""";"""";""12:36:20 PM"""
"10;""13"";""13"";""12:36:20 PM"""
"10;""13"";""13"";""12:36:22 PM"""
"11;""13"";""13"";""12:36:23 PM"""
";"""";"""";""12:36:25 PM"""
"11;""13"";""13"";""12:36:26 PM"""
"11;""13"";""13"";""12:36:27 PM"""
"11;""13"";""13"";""12:36:29 PM"""
";"""";"""";""12:36:30 PM"""
"12;""14"";""14"";""12:36:31 PM"""
"12;""14"";""14"";""12:36:32 PM"""
"12;""14"";""14"";""12:36:34 PM"""
";"""";"""";""12:36:35 PM"""
"12;""13"";""13"";""12:36:36 PM"""
"12;""13"";""13"";""12:36:38 PM"""
"10;""12"";""12"";""12:36:39 PM"""
";"""";"""";""12:36:41 PM"""
"11;""14"";""14"";""12:36:41 PM"""
"11;""14"";""14"";""12:36:43 PM"""
"12;""14"";""15"";""12:36:44 PM"""
";"""";"""";""12:36:46 PM"""
"12;""14"";""15"";""12:36:47 PM"""
"11;""13"";""14"";""12:36:48 PM"""
"10;""13"";""14"";""12:36:50 PM"""
";"""";"""";""12:36:51 PM"""
"11;""15"";""16"";""12:36:52 PM"""
"11;""15"";""16"";""12:36:53 PM"""
"11;""15"";""16"";""12:36:55 PM"""
";"""";"""";""12:36:56 PM"""
"11;""14"";""16"";""12:36:57 PM"""
"11;""14"";""16"";""12:36:58 PM"""
"11;""15"";""16"";""12:37:00 PM"""
";"""";"""";""12:37:01 PM"""
"11;""15"";""17"";""12:37:02 PM"""
"11;""15"";""17"";""12:37:04 PM"""
"11;""15"";""17"";""12:37:05 PM"""
";"""";"""";""12:37:07 PM"""
"11;""15"";""17"";""12:37:07 PM"""
"11;""15"";""17"";""12:37:09 PM"""
"11;""14"";""15"";""12:37:10 PM"""
";"""";"""";""12:37:12 PM"""
"11;""14"";""15"";""12:37:13 PM"""
"11;""14"";""15"";""12:37:14 PM"""
"11;""14"";""15"";""12:37:16 PM"""
";"""";"""";""12:37:17 PM"""
"11;""14"";""15"";""12:37:18 PM"""
"11;""14"";""15"";""12:37:19 PM"""
"11;""14"";""15"";""12:37:21 PM"""
";"""";"""";""12:37:22 PM"""
"11;""14"";""15"";""12:37:23 PM"""
"11;""14"";""15"";""12:37:25 PM"""
"10;""14"";""15"";""12:37:26 PM"""
";"""";"""";""12:37:28 PM"""
"11;""14"";""15"";""12:37:28 PM"""
"11;""14"";""15"";""12:37:30 PM"""
"11;""14"";""15"";""12:37:31 PM"""
";"""";"""";""12:37:33 PM"""
"11;""15"";""15"";""12:37:34 PM"""
"11;""15"";""15"";""12:37:35 PM"""
"11;""14"";""14"";""12:37:37 PM"""
";"""";"""";""12:37:38 PM"""
"11;""14"";""15"";""12:37:39 PM"""
"11;""14"";""15"";""12:37:40 PM"""
"11;""14"";""15"";""12:37:42 PM"""
";"""";"""";""12:37:43 PM"""
"12;""15"";""16"";""12:37:44 PM"""
"12;""15"";""16"";""12:37:46 PM"""
"12;""15"";""16"";""12:37:47 PM"""
";"""";"""";""12:37:49 PM"""
"13;""15"";""16"";""12:37:49 PM"""
"13;""15"";""16"";""12:37:51 PM"""
"13;""16"";""17"";""12:37:52 PM"""
";"""";"""";""12:37:54 PM"""
"13;""16"";""16"";""12:37:55 PM"""
"13;""16"";""16"";""12:37:56 PM"""
"13;""16"";""17"";""12:37:58 PM"""
";"""";"""";""12:37:59 PM"""
"13;""16"";""16"";""12:38:00 PM"""
"13;""16"";""16"";""12:38:01 PM"""
"13;""15"";""17"";""12:38:03 PM"""
";"""";"""";""12:38:04 PM"""
"13;""15"";""16"";""12:38:05 PM"""
"13;""15"";""16"";""12:38:06 PM"""
"13;""16"";""17"";""12:38:08 PM"""
";"""";"""";""12:38:09 PM"""
";"""";"""";""12:38:10 PM"""
"13;""16"";""17"";""12:38:11 PM"""
"13;""16"";""17"";""12:38:13 PM"""
"13;""16"";""17"";""12:38:14 PM"""
";"""";"""";""12:38:16 PM"""
"13;""16"";""17"";""12:38:16 PM"""
"13;""16"";""17"";""12:38:18 PM"""
"13;""16"";""17"";""12:38:19 PM"""
";"""";"""";""12:38:21 PM"""
"13;""16"";""17"";""12:38:22 PM"""
"13;""15"";""16"";""12:38:23 PM"""
"13;""15"";""16"";""12:38:25 PM"""
";"""";"""";""12:38:26 PM"""
"13;""16"";""16"";""12:38:27 PM"""
"13;""16"";""16"";""12:38:28 PM"""
"13;""16"";""16"";""12:38:30 PM"""
"12;""15"";""15"";""12:38:36 PM"""
"12;""15"";""15"";""12:38:38 PM"""
"11;""14"";""14"";""12:38:39 PM"""
"12;""15"";""15"";""12:38:42 PM"""
"11;""15"";""15"";""12:38:44 PM"""
"11;""15"";""15"";""12:38:45 PM"""
";"""";"""";""12:38:47 PM"""
"11;""14"";""14"";""12:38:48 PM"""
"12;""15"";""15"";""12:38:49 PM"""
"12;""15"";""15"";""12:38:51 PM"""
";"""";"""";""12:38:52 PM"""
"11;""15"";""15"";""12:38:53 PM"""
"11;""14"";""14"";""12:38:54 PM"""
"11;""14"";""14"";""12:38:56 PM"""
";"""";"""";""12:38:57 PM"""
"11;""14"";""14"";""12:38:58 PM"""
"11;""15"";""15"";""12:39:00 PM"""
"11;""15"";""15"";""12:39:01 PM"""
";"""";"""";""12:39:03 PM"""
"11;""15"";""15"";""12:39:03 PM"""
"11;""14"";""14"";""12:39:05 PM"""
"11;""14"";""14"";""12:39:06 PM"""
";"""";"""";""12:39:08 PM"""
"11;""14"";""14"";""12:39:09 PM"""
"11;""14"";""14"";""12:39:10 PM"""
"11;""14"";""14"";""12:39:12 PM"""
";"""";"""";""12:39:13 PM"""
"11;""14"";""14"";""12:39:14 PM"""
"11;""13"";""13"";""12:39:15 PM"""
"11;""13"";""13"";""12:39:17 PM"""
";"""";"""";""12:39:18 PM"""
"11;""13"";""13"";""12:39:19 PM"""
"11;""13"";""13"";""12:39:21 PM"""
"11;""13"";""13"";""12:39:22 PM"""
";"""";"""";""12:39:24 PM"""
"12;""14"";""14"";""12:39:24 PM"""
"12;""14"";""14"";""12:39:26 PM"""
"12;""14"";""14"";""12:39:27 PM"""
";"""";"""";""12:39:29 PM"""
"12;""14"";""14"";""12:39:30 PM"""
"11;""14"";""14"";""12:39:31 PM"""
"11;""14"";""14"";""12:39:33 PM"""
";"""";"""";""12:39:34 PM"""
"11;""14"";""14"";""12:39:35 PM"""
"11;""14"";""14"";""12:39:36 PM"""
"11;""14"";""14"";""12:39:38 PM"""
";"""";"""";""12:39:39 PM"""
"10;""13"";""13"";""12:39:40 PM"""
"10;""14"";""14"";""12:39:41 PM"""
"11;""15"";""15"";""12:39:43 PM"""
";"""";"""";""12:39:44 PM"""
"11;""15"";""15"";""12:39:45 PM"""
"11;""15"";""15"";""12:39:47 PM"""
"11;""15"";""15"";""12:39:48 PM"""
"11;""15"";""15"";""12:39:52 PM"""
"11;""15"";""15"";""12:39:54 PM"""
"11;""15"";""15"";""12:39:55 PM"""
";"""";"""";""12:39:57 PM"""
"11;""15"";""15"";""12:39:57 PM"""
"11;""15"";""15"";""12:39:59 PM"""
"11;""15"";""15"";""12:40:00 PM"""
";"""";"""";""12:40:02 PM"""
";"""";"""";""12:40:03 PM"""
"11;""14"";""15"";""12:40:04 PM"""
"12;""15"";""15"";""12:40:05 PM"""
"12;""15"";""15"";""12:40:07 PM"""
";"""";"""";""12:40:08 PM"""
"11;""14"";""14"";""12:40:09 PM"""
"11;""13"";""13"";""12:40:10 PM"""
"11;""13"";""13"";""12:40:12 PM"""
";"""";"""";""12:40:13 PM"""
"11;""13"";""13"";""12:40:14 PM"""
"12;""14"";""14"";""12:40:15 PM"""
"12;""14"";""14"";""12:40:17 PM"""
";"""";"""";""12:40:18 PM"""
"12;""14"";""14"";""12:40:19 PM"""
"11;""14"";""14"";""12:40:21 PM"""
"11;""14"";""14"";""12:40:22 PM"""
";"""";"""";""12:40:24 PM"""
"11;""13"";""13"";""12:40:24 PM"""
"11;""13"";""13"";""12:40:26 PM"""
"11;""13"";""13"";""12:40:27 PM"""
";"""";"""";""12:40:29 PM"""
"11;""13"";""13"";""12:40:30 PM"""
"10;""13"";""13"";""12:40:31 PM"""
"10;""13"";""13"";""12:40:33 PM"""
";"""";"""";""12:40:34 PM"""
"10;""13"";""13"";""12:40:35 PM"""
"11;""13"";""13"";""12:40:36 PM"""
"11;""13"";""13"";""12:40:38 PM"""
";"""";"""";""12:40:39 PM"""
"10;""13"";""13"";""12:40:45 PM"""
"10;""13"";""13"";""12:40:47 PM"""
"10;""13"";""13"";""12:40:48 PM"""
"10;""14"";""14"";""12:40:52 PM"""
"10;""14"";""14"";""12:40:54 PM"""
"10;""14"";""14"";""12:40:56 PM"""
"10;""13"";""13"";""12:40:59 PM"""
"12;""15"";""16"";""12:45:09 PM"""
"12;""15"";""16"";""12:45:10 PM"""
"12;""16"";""17"";""12:45:12 PM"""
";"""";"""";""12:45:13 PM"""
"11;""15"";""15"";""12:45:14 PM"""
"11;""15"";""15"";""12:45:15 PM"""
"12;""15"";""16"";""12:45:17 PM"""
";"""";"""";""12:45:18 PM"""
"12;""16"";""16"";""12:45:19 PM"""
"12;""16"";""16"";""12:45:21 PM"""
"13;""16"";""17"";""12:45:22 PM"""
";"""";"""";""12:45:24 PM"""
"13;""16"";""17"";""12:45:24 PM"""
"13;""16"";""17"";""12:45:26 PM"""
"12;""15"";""16"";""12:45:27 PM"""
";"""";"""";""12:45:29 PM"""
"12;""15"";""15"";""12:45:30 PM"""
"12;""15"";""15"";""12:45:31 PM"""
"12;""15"";""16"";""12:45:33 PM"""
";"""";"""";""12:45:34 PM"""
"12;""15"";""15"";""12:45:35 PM"""
"12;""15"";""15"";""12:45:36 PM"""
"12;""14"";""15"";""12:45:38 PM"""
";"""";"""";""12:45:39 PM"""
"10;""13"";""14"";""12:45:40 PM"""
"10;""13"";""14"";""12:45:42 PM"""
"10;""13"";""13"";""12:45:43 PM"""
";"""";"""";""12:45:45 PM"""
"12;""14"";""14"";""12:45:45 PM"""
"12;""14"";""14"";""12:45:47 PM"""
"11;""13"";""13"";""12:45:48 PM"""
";"""";"""";""12:45:50 PM"""
"11;""13"";""13"";""12:45:51 PM"""
"11;""13"";""13"";""12:45:52 PM"""
"10;""13"";""13"";""12:45:54 PM"""
";"""";"""";""12:45:55 PM"""
"11;""14"";""14"";""12:45:56 PM"""
"11;""14"";""14"";""12:45:57 PM"""
"11;""13"";""13"";""12:45:59 PM"""
";"""";"""";""12:46:00 PM"""
"11;""14"";""14"";""12:46:01 PM"""
"11;""14"";""14"";""12:46:02 PM"""
"10;""14"";""14"";""12:46:04 PM"""
";"""";"""";""12:46:05 PM"""
"10;""13"";""13"";""12:46:06 PM"""
"10;""13"";""13"";""12:46:08 PM"""
"10;""13"";""13"";""12:46:09 PM"""
";"""";"""";""12:46:11 PM"""
"10;""14"";""14"";""12:46:11 PM"""
"10;""14"";""14"";""12:46:13 PM"""
"11;""14"";""14"";""12:46:14 PM"""
";"""";"""";""12:46:16 PM"""
"11;""14"";""14"";""12:46:17 PM"""
"11;""14"";""14"";""12:46:18 PM"""
"10;""13"";""13"";""12:46:20 PM"""
";"""";"""";""12:46:21 PM"""
"11;""13"";""13"";""12:46:22 PM"""
"11;""13"";""13"";""12:46:23 PM"""
"11;""13"";""13"";""12:46:25 PM"""
";"""";"""";""12:46:26 PM"""
";"""";"""";""12:46:27 PM"""
"11;""13"";""13"";""12:46:28 PM"""
"11;""13"";""14"";""12:46:29 PM"""
"11;""13"";""14"";""12:46:31 PM"""
";"""";"""";""12:46:32 PM"""
"10;""12"";""13"";""12:46:33 PM"""
"11;""14"";""14"";""12:46:35 PM"""
"11;""14"";""14"";""12:46:36 PM"""
";"""";"""";""12:46:38 PM"""
"11;""13"";""14"";""12:46:38 PM"""
"11;""13"";""14"";""12:46:40 PM"""
"12;""14"";""15"";""12:46:41 PM"""
";"""";"""";""12:46:43 PM"""
"11;""13"";""14"";""12:46:44 PM"""
"10;""13"";""14"";""12:46:45 PM"""
"11;""14"";""15"";""12:46:47 PM"""
";"""";"""";""12:46:48 PM"""
"10;""13"";""14"";""12:46:49 PM"""
"10;""13"";""14"";""12:46:50 PM"""
"10;""13"";""14"";""12:46:52 PM"""
";"""";"""";""12:46:53 PM"""
"10;""12"";""13"";""12:46:54 PM"""
"11;""13"";""13"";""12:46:56 PM"""
"11;""13"";""13"";""12:46:57 PM"""
";"""";"""";""12:46:59 PM"""
"12;""14"";""14"";""12:46:59 PM"""
"11;""13"";""13"";""12:47:01 PM"""
"11;""13"";""13"";""12:47:02 PM"""
";"""";"""";""12:47:04 PM"""
"11;""13"";""13"";""12:47:05 PM"""
"11;""13"";""13"";""12:47:06 PM"""
"11;""13"";""13"";""12:47:08 PM"""
";"""";"""";""12:47:09 PM"""
"11;""13"";""13"";""12:47:10 PM"""
"11;""13"";""13"";""12:47:11 PM"""
"11;""13"";""13"";""12:47:13 PM"""
";"""";"""";""12:47:14 PM"""
"13;""14"";""14"";""12:47:15 PM"""
"12;""14"";""14"";""12:47:17 PM"""
"12;""14"";""14"";""12:47:18 PM"""
";"""";"""";""12:47:20 PM"""
"12;""14"";""14"";""12:47:20 PM"""
"11;""14"";""14"";""12:47:22 PM"""
"12;""15"";""15"";""12:47:23 PM"""
";"""";"""";""12:47:25 PM"""
"11;""14"";""14"";""12:47:26 PM"""
"11;""14"";""15"";""12:47:27 PM"""
"11;""14"";""15"";""12:47:29 PM"""
";"""";"""";""12:47:30 PM"""
"11;""14"";""14"";""12:47:31 PM"""
"12;""14"";""15"";""12:47:32 PM"""
"12;""14"";""15"";""12:47:34 PM"""
";"""";"""";""12:47:35 PM"""
"12;""14"";""15"";""12:47:36 PM"""
"12;""15"";""15"";""12:47:37 PM"""
"12;""15"";""15"";""12:47:39 PM"""
";"""";"""";""12:47:40 PM"""
"12;""15"";""15"";""12:47:41 PM"""
"12;""14"";""15"";""12:47:43 PM"""
"12;""14"";""15"";""12:47:44 PM"""
";"""";"""";""12:47:46 PM"""
"12;""14"";""15"";""12:47:46 PM"""
"12;""14"";""15"";""12:47:48 PM"""
"12;""14"";""15"";""12:47:49 PM"""
";"""";"""";""12:47:51 PM"""
"12;""14"";""15"";""12:47:52 PM"""
"12;""14"";""14"";""12:47:53 PM"""
"12;""14"";""14"";""12:47:55 PM"""
";"""";"""";""12:47:56 PM"""
"12;""14"";""14"";""12:47:57 PM"""
"12;""14"";""14"";""12:47:58 PM"""
"12;""14"";""14"";""12:48:00 PM"""
";"""";"""";""12:48:01 PM"""
"11;""13"";""13"";""12:48:02 PM"""
"11;""13"";""13"";""12:48:04 PM"""
"12;""14"";""14"";""12:48:05 PM"""
";"""";"""";""12:48:07 PM"""
"11;""13"";""13"";""12:48:07 PM"""
"12;""14"";""14"";""12:48:09 PM"""
"12;""14"";""14"";""12:48:10 PM"""